"","Sample","CoverageType","Coverage"
"1","epois","MeanCoverage",0.305
"2","epois","MeanCoverage",0.555
"3","epois","MeanCoverage",0.645
"4","epois","MeanCoverage",0.556
"5","epois","MeanCoverage",0
"6","epois","MeanCoverage",0.307
"7","epois","MeanCoverage",0.521
"8","epois","MeanCoverage",0.582
"9","epois","MeanCoverage",0.21
"10","epois","MeanCoverage",0.41
"11","epois","MeanCoverage",0.633
"12","epois","MeanCoverage",0.757
"13","epois","MeanCoverage",0.188
"14","epois","MeanCoverage",0.717
"15","epois","MeanCoverage",0.569
"16","epois","MeanCoverage",0.763
"17","epois","MeanCoverage",0.774
"18","epois","MeanCoverage",0.61
"19","epois","MeanCoverage",0.398
"20","epois","MeanCoverage",0.563
"21","epois","MeanCoverage",0.557
"22","epois","MeanCoverage",0.552
"23","epois","MeanCoverage",0.568
"24","epois","MeanCoverage",0.707
"25","epois","MeanCoverage",0.609
"26","epois","MeanCoverage",0.137
"27","epois","MeanCoverage",0.091
"28","epois","MeanCoverage",0.498
"29","epois","MeanCoverage",0.162
"30","epois","MeanCoverage",0.838
"31","epois","MeanCoverage",0.591
"32","epois","MeanCoverage",0.531
"33","epois","MeanCoverage",0.449
"34","epois","MeanCoverage",0.694
"35","epois","MeanCoverage",0.533
"36","epois","MeanCoverage",0.449
"37","epois","MeanCoverage",0.628
"38","epois","MeanCoverage",0.498
"39","epois","MeanCoverage",0.469
"40","epois","MeanCoverage",1
"41","epois","MeanCoverage",0.495
"42","epois","MeanCoverage",0.449
"43","epois","MeanCoverage",0
"44","epois","MeanCoverage",0.54
"45","epois","MeanCoverage",0.62
"46","epois","MeanCoverage",1
"47","epois","MeanCoverage",0.743
"48","epois","MeanCoverage",0.601
"49","epois","MeanCoverage",0.432
"50","epois","MeanCoverage",0.268
"51","epois","MeanCoverage",0.665
"52","epois","MeanCoverage",0.655
"53","epois","MeanCoverage",0.319
"54","epois","MeanCoverage",0.658
"55","epois","MeanCoverage",0.53
"56","epois","MeanCoverage",0.597
"57","epois","MeanCoverage",0.272
"58","epois","MeanCoverage",0.559
"59","epois","MeanCoverage",0.641
"60","epois","MeanCoverage",0.965
"61","epois","MeanCoverage",0.487
"62","epois","MeanCoverage",0.522
"63","epois","MeanCoverage",0.829
"64","epois","MeanCoverage",0.044
"65","epois","MeanCoverage",0.579
"66","epois","MeanCoverage",0.966
"67","epois","MeanCoverage",0.5
"68","epois","MeanCoverage",0.222
"69","epois","MeanCoverage",0.26
"70","epois","MeanCoverage",0.708
"71","epois","MeanCoverage",0.522
"72","epois","MeanCoverage",0.756
"73","epois","MeanCoverage",0.406
"74","epois","MeanCoverage",0.243
"75","epois","MeanCoverage",0.875
"76","epois","MeanCoverage",0.71
"77","epois","MeanCoverage",0.593
"78","epois","MeanCoverage",0.548
"79","epois","MeanCoverage",0.494
"80","epois","MeanCoverage",0.373
"81","epois","MeanCoverage",0.591
"82","epois","MeanCoverage",0.564
"83","epois","MeanCoverage",0.48
"84","epois","MeanCoverage",0.188
"85","epois","MeanCoverage",0.587
"86","epois","MeanCoverage",0.65
"87","epois","MeanCoverage",0.403
"88","epois","MeanCoverage",0.534
"89","epois","MeanCoverage",0.73
"90","epois","MeanCoverage",0.096
"91","epois","MeanCoverage",0.538
"92","epois","MeanCoverage",0.356
"93","epois","MeanCoverage",0.577
"94","epois","MeanCoverage",0.306
"95","epois","MeanCoverage",0.607
"96","epois","MeanCoverage",0.635
"97","epois","MeanCoverage",0.568
"98","epois","MeanCoverage",0.751
"99","gorg","MeanCoverage",0.28
"100","gorg","MeanCoverage",0.454
"101","gorg","MeanCoverage",0.199
"102","gorg","MeanCoverage",0.391
"103","gorg","MeanCoverage",0
"104","gorg","MeanCoverage",0.242
"105","gorg","MeanCoverage",0.213
"106","gorg","MeanCoverage",0.476
"107","gorg","MeanCoverage",0.377
"108","gorg","MeanCoverage",0.486
"109","gorg","MeanCoverage",0.476
"110","gorg","MeanCoverage",0.268
"111","gorg","MeanCoverage",0.211
"112","gorg","MeanCoverage",0.506
"113","gorg","MeanCoverage",0.48
"114","gorg","MeanCoverage",0.475
"115","gorg","MeanCoverage",0.571
"116","gorg","MeanCoverage",0.458
"117","gorg","MeanCoverage",0.398
"118","gorg","MeanCoverage",0.38
"119","gorg","MeanCoverage",0.471
"120","gorg","MeanCoverage",0.457
"121","gorg","MeanCoverage",0.44
"122","gorg","MeanCoverage",0.133
"123","gorg","MeanCoverage",0.569
"124","gorg","MeanCoverage",0.205
"125","gorg","MeanCoverage",0.251
"126","gorg","MeanCoverage",0.423
"127","gorg","MeanCoverage",0.433
"128","gorg","MeanCoverage",0.314
"129","gorg","MeanCoverage",0.439
"130","gorg","MeanCoverage",0.397
"131","gorg","MeanCoverage",0.353
"132","gorg","MeanCoverage",0.34
"133","gorg","MeanCoverage",0.311
"134","gorg","MeanCoverage",0.336
"135","gorg","MeanCoverage",0.126
"136","gorg","MeanCoverage",0.43
"137","gorg","MeanCoverage",0.372
"138","gorg","MeanCoverage",0.382
"139","gorg","MeanCoverage",0.843
"140","gorg","MeanCoverage",0.47
"141","gorg","MeanCoverage",0.393
"142","gorg","MeanCoverage",0.218
"143","gorg","MeanCoverage",0.375
"144","gorg","MeanCoverage",0.406
"145","gorg","MeanCoverage",0.994
"146","gorg","MeanCoverage",0.636
"147","gorg","MeanCoverage",0.369
"148","gorg","MeanCoverage",0.53
"149","gorg","MeanCoverage",0.289
"150","gorg","MeanCoverage",0.455
"151","gorg","MeanCoverage",0.005
"152","gorg","MeanCoverage",0.498
"153","gorg","MeanCoverage",0.335
"154","gorg","MeanCoverage",0.549
"155","gorg","MeanCoverage",0.416
"156","gorg","MeanCoverage",0.393
"157","gorg","MeanCoverage",0.367
"158","gorg","MeanCoverage",0.436
"159","gorg","MeanCoverage",0.603
"160","gorg","MeanCoverage",0.518
"161","gorg","MeanCoverage",0.344
"162","gorg","MeanCoverage",0.43
"163","gorg","MeanCoverage",0.612
"164","gorg","MeanCoverage",0.206
"165","gorg","MeanCoverage",0.347
"166","gorg","MeanCoverage",0.03
"167","gorg","MeanCoverage",0.385
"168","gorg","MeanCoverage",0.506
"169","gorg","MeanCoverage",0.743
"170","gorg","MeanCoverage",0.548
"171","gorg","MeanCoverage",0.449
"172","gorg","MeanCoverage",0.61
"173","gorg","MeanCoverage",0.364
"174","gorg","MeanCoverage",0.187
"175","gorg","MeanCoverage",0.429
"176","gorg","MeanCoverage",0.289
"177","gorg","MeanCoverage",0.123
"178","gorg","MeanCoverage",0.482
"179","gorg","MeanCoverage",0.313
"180","gorg","MeanCoverage",0.31
"181","gorg","MeanCoverage",0.448
"182","gorg","MeanCoverage",0.307
"183","gorg","MeanCoverage",0.396
"184","gorg","MeanCoverage",0.168
"185","gorg","MeanCoverage",0.458
"186","gorg","MeanCoverage",0.452
"187","gorg","MeanCoverage",0.39
"188","gorg","MeanCoverage",0.345
"189","gorg","MeanCoverage",0.466
"190","gorg","MeanCoverage",0.284
"191","gorg","MeanCoverage",0.422
"192","gorg","MeanCoverage",0.36
"193","gorg","MeanCoverage",0.394
"194","gorg","MeanCoverage",0.501
"195","gorg","MeanCoverage",0.485
"196","gorg","MeanCoverage",0.493
"197","gorg","MeanCoverage",0.464
"198","gorg","MeanCoverage",0.796
"199","muns","MeanCoverage",0.153
"200","muns","MeanCoverage",0.079
"201","muns","MeanCoverage",0
"202","muns","MeanCoverage",0.095
"203","muns","MeanCoverage",0
"204","muns","MeanCoverage",0.017
"205","muns","MeanCoverage",0.276
"206","muns","MeanCoverage",0.112
"207","muns","MeanCoverage",0.1
"208","muns","MeanCoverage",0.083
"209","muns","MeanCoverage",0.106
"210","muns","MeanCoverage",0.642
"211","muns","MeanCoverage",0.174
"212","muns","MeanCoverage",0.121
"213","muns","MeanCoverage",0.115
"214","muns","MeanCoverage",0.083
"215","muns","MeanCoverage",0.318
"216","muns","MeanCoverage",0.114
"217","muns","MeanCoverage",0.064
"218","muns","MeanCoverage",0.094
"219","muns","MeanCoverage",0.127
"220","muns","MeanCoverage",0.111
"221","muns","MeanCoverage",0.105
"222","muns","MeanCoverage",0.031
"223","muns","MeanCoverage",0.078
"224","muns","MeanCoverage",0.038
"225","muns","MeanCoverage",0.062
"226","muns","MeanCoverage",0.178
"227","muns","MeanCoverage",0.02
"228","muns","MeanCoverage",0.17
"229","muns","MeanCoverage",0.106
"230","muns","MeanCoverage",0.075
"231","muns","MeanCoverage",0.07
"232","muns","MeanCoverage",0.04
"233","muns","MeanCoverage",0.08
"234","muns","MeanCoverage",0.065
"235","muns","MeanCoverage",0
"236","muns","MeanCoverage",0.098
"237","muns","MeanCoverage",0
"238","muns","MeanCoverage",0.04
"239","muns","MeanCoverage",0.08
"240","muns","MeanCoverage",0.098
"241","muns","MeanCoverage",0
"242","muns","MeanCoverage",0.093
"243","muns","MeanCoverage",0.183
"244","muns","MeanCoverage",0.666
"245","muns","MeanCoverage",0.432
"246","muns","MeanCoverage",0.069
"247","muns","MeanCoverage",0.343
"248","muns","MeanCoverage",0.076
"249","muns","MeanCoverage",0.089
"250","muns","MeanCoverage",0.124
"251","muns","MeanCoverage",0.12
"252","muns","MeanCoverage",0.103
"253","muns","MeanCoverage",0.081
"254","muns","MeanCoverage",0.08
"255","muns","MeanCoverage",0.084
"256","muns","MeanCoverage",0.26
"257","muns","MeanCoverage",0.089
"258","muns","MeanCoverage",0.478
"259","muns","MeanCoverage",0.104
"260","muns","MeanCoverage",0.322
"261","muns","MeanCoverage",0.002
"262","muns","MeanCoverage",0.067
"263","muns","MeanCoverage",0.03
"264","muns","MeanCoverage",0.117
"265","muns","MeanCoverage",0.268
"266","muns","MeanCoverage",0.5
"267","muns","MeanCoverage",0.173
"268","muns","MeanCoverage",0.154
"269","muns","MeanCoverage",0.298
"270","muns","MeanCoverage",0.107
"271","muns","MeanCoverage",0.173
"272","muns","MeanCoverage",0.101
"273","muns","MeanCoverage",0.1
"274","muns","MeanCoverage",0.039
"275","muns","MeanCoverage",0.106
"276","muns","MeanCoverage",0.078
"277","muns","MeanCoverage",0.058
"278","muns","MeanCoverage",0.115
"279","muns","MeanCoverage",0
"280","muns","MeanCoverage",0.098
"281","muns","MeanCoverage",0.036
"282","muns","MeanCoverage",0.118
"283","muns","MeanCoverage",0.098
"284","muns","MeanCoverage",0.086
"285","muns","MeanCoverage",0.045
"286","muns","MeanCoverage",0.077
"287","muns","MeanCoverage",0.073
"288","muns","MeanCoverage",0.136
"289","muns","MeanCoverage",0.085
"290","muns","MeanCoverage",0.066
"291","muns","MeanCoverage",0.142
"292","muns","MeanCoverage",0.161
"293","muns","MeanCoverage",0.149
"294","muns","MeanCoverage",0.137
"295","muns","MeanCoverage",0.618
"296","necferm","MeanCoverage",0.259
"297","necferm","MeanCoverage",0.467
"298","necferm","MeanCoverage",0.478
"299","necferm","MeanCoverage",0.393
"300","necferm","MeanCoverage",0.057
"301","necferm","MeanCoverage",0.2
"302","necferm","MeanCoverage",0.475
"303","necferm","MeanCoverage",0.491
"304","necferm","MeanCoverage",0.499
"305","necferm","MeanCoverage",0.477
"306","necferm","MeanCoverage",0.57
"307","necferm","MeanCoverage",0.243
"308","necferm","MeanCoverage",0.402
"309","necferm","MeanCoverage",0.539
"310","necferm","MeanCoverage",0.473
"311","necferm","MeanCoverage",0.535
"312","necferm","MeanCoverage",0.277
"313","necferm","MeanCoverage",0.441
"314","necferm","MeanCoverage",0.482
"315","necferm","MeanCoverage",0.419
"316","necferm","MeanCoverage",0.577
"317","necferm","MeanCoverage",0.534
"318","necferm","MeanCoverage",0.519
"319","necferm","MeanCoverage",0.355
"320","necferm","MeanCoverage",0.435
"321","necferm","MeanCoverage",0.46
"322","necferm","MeanCoverage",0.209
"323","necferm","MeanCoverage",0.503
"324","necferm","MeanCoverage",0.434
"325","necferm","MeanCoverage",0.387
"326","necferm","MeanCoverage",0.496
"327","necferm","MeanCoverage",0.412
"328","necferm","MeanCoverage",0.476
"329","necferm","MeanCoverage",0.37
"330","necferm","MeanCoverage",0.424
"331","necferm","MeanCoverage",0.467
"332","necferm","MeanCoverage",0.01
"333","necferm","MeanCoverage",0.517
"334","necferm","MeanCoverage",0.517
"335","necferm","MeanCoverage",0.2
"336","necferm","MeanCoverage",0.913
"337","necferm","MeanCoverage",0.455
"338","necferm","MeanCoverage",0.404
"339","necferm","MeanCoverage",0.054
"340","necferm","MeanCoverage",0.461
"341","necferm","MeanCoverage",0.472
"342","necferm","MeanCoverage",0.98
"343","necferm","MeanCoverage",0.578
"344","necferm","MeanCoverage",0.386
"345","necferm","MeanCoverage",0.851
"346","necferm","MeanCoverage",0.463
"347","necferm","MeanCoverage",0.47
"348","necferm","MeanCoverage",0.017
"349","necferm","MeanCoverage",0.493
"350","necferm","MeanCoverage",0.142
"351","necferm","MeanCoverage",0.469
"352","necferm","MeanCoverage",0.521
"353","necferm","MeanCoverage",0.479
"354","necferm","MeanCoverage",0.381
"355","necferm","MeanCoverage",0.526
"356","necferm","MeanCoverage",0.53
"357","necferm","MeanCoverage",0.442
"358","necferm","MeanCoverage",0.599
"359","necferm","MeanCoverage",0.432
"360","necferm","MeanCoverage",0.551
"361","necferm","MeanCoverage",0.051
"362","necferm","MeanCoverage",0.367
"363","necferm","MeanCoverage",0.476
"364","necferm","MeanCoverage",0.537
"365","necferm","MeanCoverage",0.045
"366","necferm","MeanCoverage",0.283
"367","necferm","MeanCoverage",0.505
"368","necferm","MeanCoverage",0.505
"369","necferm","MeanCoverage",0.571
"370","necferm","MeanCoverage",0.427
"371","necferm","MeanCoverage",0.27
"372","necferm","MeanCoverage",0.509
"373","necferm","MeanCoverage",0.269
"374","necferm","MeanCoverage",0.142
"375","necferm","MeanCoverage",0.417
"376","necferm","MeanCoverage",0.518
"377","necferm","MeanCoverage",0.337
"378","necferm","MeanCoverage",0.487
"379","necferm","MeanCoverage",0.029
"380","necferm","MeanCoverage",0.42
"381","necferm","MeanCoverage",0.32
"382","necferm","MeanCoverage",0.487
"383","necferm","MeanCoverage",0.497
"384","necferm","MeanCoverage",0.504
"385","necferm","MeanCoverage",0.373
"386","necferm","MeanCoverage",0.456
"387","necferm","MeanCoverage",0.297
"388","necferm","MeanCoverage",0.436
"389","necferm","MeanCoverage",0.458
"390","necferm","MeanCoverage",0.41
"391","necferm","MeanCoverage",0.488
"392","necferm","MeanCoverage",0.46
"393","necferm","MeanCoverage",0.491
"394","necferm","MeanCoverage",0.535
"395","necferm","MeanCoverage",0.765
"396","neclait","MeanCoverage",0.966
"397","neclait","MeanCoverage",0.978
"398","neclait","MeanCoverage",0.906
"399","neclait","MeanCoverage",0.988
"400","neclait","MeanCoverage",0.619
"401","neclait","MeanCoverage",0.961
"402","neclait","MeanCoverage",0.879
"403","neclait","MeanCoverage",0.978
"404","neclait","MeanCoverage",0.999
"405","neclait","MeanCoverage",1
"406","neclait","MeanCoverage",0.99
"407","neclait","MeanCoverage",0.982
"408","neclait","MeanCoverage",0.997
"409","neclait","MeanCoverage",0.991
"410","neclait","MeanCoverage",0.98
"411","neclait","MeanCoverage",0.997
"412","neclait","MeanCoverage",0.991
"413","neclait","MeanCoverage",0.978
"414","neclait","MeanCoverage",0.993
"415","neclait","MeanCoverage",0.987
"416","neclait","MeanCoverage",0.998
"417","neclait","MeanCoverage",0.972
"418","neclait","MeanCoverage",0.998
"419","neclait","MeanCoverage",0.99
"420","neclait","MeanCoverage",0.906
"421","neclait","MeanCoverage",0.995
"422","neclait","MeanCoverage",0.814
"423","neclait","MeanCoverage",0.987
"424","neclait","MeanCoverage",1
"425","neclait","MeanCoverage",0.974
"426","neclait","MeanCoverage",0.984
"427","neclait","MeanCoverage",0.951
"428","neclait","MeanCoverage",0.995
"429","neclait","MeanCoverage",0.992
"430","neclait","MeanCoverage",0.846
"431","neclait","MeanCoverage",0.994
"432","neclait","MeanCoverage",0.102
"433","neclait","MeanCoverage",0.998
"434","neclait","MeanCoverage",0.96
"435","neclait","MeanCoverage",0.899
"436","neclait","MeanCoverage",1
"437","neclait","MeanCoverage",0.984
"438","neclait","MeanCoverage",0.891
"439","neclait","MeanCoverage",0.836
"440","neclait","MeanCoverage",0.996
"441","neclait","MeanCoverage",0.975
"442","neclait","MeanCoverage",1
"443","neclait","MeanCoverage",0.979
"444","neclait","MeanCoverage",0.947
"445","neclait","MeanCoverage",1
"446","neclait","MeanCoverage",0.997
"447","neclait","MeanCoverage",0.985
"448","neclait","MeanCoverage",0.096
"449","neclait","MeanCoverage",0.999
"450","neclait","MeanCoverage",0.457
"451","neclait","MeanCoverage",0.994
"452","neclait","MeanCoverage",1
"453","neclait","MeanCoverage",0.988
"454","neclait","MeanCoverage",0.976
"455","neclait","MeanCoverage",0.998
"456","neclait","MeanCoverage",0.997
"457","neclait","MeanCoverage",0.985
"458","neclait","MeanCoverage",0.991
"459","neclait","MeanCoverage",0.919
"460","neclait","MeanCoverage",0.998
"461","neclait","MeanCoverage",0.263
"462","neclait","MeanCoverage",0.954
"463","neclait","MeanCoverage",0.993
"464","neclait","MeanCoverage",0.999
"465","neclait","MeanCoverage",0.421
"466","neclait","MeanCoverage",0.961
"467","neclait","MeanCoverage",0.99
"468","neclait","MeanCoverage",0.989
"469","neclait","MeanCoverage",0.996
"470","neclait","MeanCoverage",0.968
"471","neclait","MeanCoverage",0.764
"472","neclait","MeanCoverage",0.997
"473","neclait","MeanCoverage",0.07
"474","neclait","MeanCoverage",0.919
"475","neclait","MeanCoverage",0.884
"476","neclait","MeanCoverage",0.995
"477","neclait","MeanCoverage",0.999
"478","neclait","MeanCoverage",0.96
"479","neclait","MeanCoverage",0.957
"480","neclait","MeanCoverage",0.53
"481","neclait","MeanCoverage",0.943
"482","neclait","MeanCoverage",0.973
"483","neclait","MeanCoverage",0.979
"484","neclait","MeanCoverage",0.991
"485","neclait","MeanCoverage",0.987
"486","neclait","MeanCoverage",0.741
"487","neclait","MeanCoverage",0.915
"488","neclait","MeanCoverage",0.998
"489","neclait","MeanCoverage",0.888
"490","neclait","MeanCoverage",0.92
"491","neclait","MeanCoverage",0.953
"492","neclait","MeanCoverage",1
"493","neclait","MeanCoverage",0.981
"494","neclait","MeanCoverage",0.999
"495","neclait","MeanCoverage",0.978
"496","neclait","MeanCoverage",0.999
"497","roque","MeanCoverage",0.214
"498","roque","MeanCoverage",0.499
"499","roque","MeanCoverage",0.454
"500","roque","MeanCoverage",0.375
"501","roque","MeanCoverage",0.096
"502","roque","MeanCoverage",0.232
"503","roque","MeanCoverage",0.484
"504","roque","MeanCoverage",0.503
"505","roque","MeanCoverage",0.435
"506","roque","MeanCoverage",0.607
"507","roque","MeanCoverage",0.551
"508","roque","MeanCoverage",0.273
"509","roque","MeanCoverage",0.404
"510","roque","MeanCoverage",0.534
"511","roque","MeanCoverage",0.497
"512","roque","MeanCoverage",0.563
"513","roque","MeanCoverage",0.304
"514","roque","MeanCoverage",0.447
"515","roque","MeanCoverage",0.513
"516","roque","MeanCoverage",0.45
"517","roque","MeanCoverage",0.59
"518","roque","MeanCoverage",0.521
"519","roque","MeanCoverage",0.544
"520","roque","MeanCoverage",0.345
"521","roque","MeanCoverage",0.406
"522","roque","MeanCoverage",0.461
"523","roque","MeanCoverage",0.151
"524","roque","MeanCoverage",0.519
"525","roque","MeanCoverage",0.468
"526","roque","MeanCoverage",0.481
"527","roque","MeanCoverage",0.536
"528","roque","MeanCoverage",0.447
"529","roque","MeanCoverage",0.481
"530","roque","MeanCoverage",0.387
"531","roque","MeanCoverage",0.434
"532","roque","MeanCoverage",0.491
"533","roque","MeanCoverage",0.005
"534","roque","MeanCoverage",0.527
"535","roque","MeanCoverage",0.503
"536","roque","MeanCoverage",0.218
"537","roque","MeanCoverage",0.912
"538","roque","MeanCoverage",0.457
"539","roque","MeanCoverage",0.407
"540","roque","MeanCoverage",0.068
"541","roque","MeanCoverage",0.428
"542","roque","MeanCoverage",0.481
"543","roque","MeanCoverage",0.998
"544","roque","MeanCoverage",0.551
"545","roque","MeanCoverage",0.41
"546","roque","MeanCoverage",0.799
"547","roque","MeanCoverage",0.56
"548","roque","MeanCoverage",0.458
"549","roque","MeanCoverage",0.04
"550","roque","MeanCoverage",0.52
"551","roque","MeanCoverage",0.136
"552","roque","MeanCoverage",0.506
"553","roque","MeanCoverage",0.507
"554","roque","MeanCoverage",0.506
"555","roque","MeanCoverage",0.392
"556","roque","MeanCoverage",0.504
"557","roque","MeanCoverage",0.502
"558","roque","MeanCoverage",0.474
"559","roque","MeanCoverage",0.591
"560","roque","MeanCoverage",0.451
"561","roque","MeanCoverage",0.591
"562","roque","MeanCoverage",0.042
"563","roque","MeanCoverage",0.37
"564","roque","MeanCoverage",0.498
"565","roque","MeanCoverage",0.555
"566","roque","MeanCoverage",0.065
"567","roque","MeanCoverage",0.192
"568","roque","MeanCoverage",0.542
"569","roque","MeanCoverage",0.529
"570","roque","MeanCoverage",0.603
"571","roque","MeanCoverage",0.409
"572","roque","MeanCoverage",0.277
"573","roque","MeanCoverage",0.505
"574","roque","MeanCoverage",0.007
"575","roque","MeanCoverage",0.28
"576","roque","MeanCoverage",0.157
"577","roque","MeanCoverage",0.461
"578","roque","MeanCoverage",0.518
"579","roque","MeanCoverage",0.331
"580","roque","MeanCoverage",0.505
"581","roque","MeanCoverage",0
"582","roque","MeanCoverage",0.457
"583","roque","MeanCoverage",0.362
"584","roque","MeanCoverage",0.492
"585","roque","MeanCoverage",0.472
"586","roque","MeanCoverage",0.532
"587","roque","MeanCoverage",0.378
"588","roque","MeanCoverage",0.492
"589","roque","MeanCoverage",0.419
"590","roque","MeanCoverage",0.413
"591","roque","MeanCoverage",0.44
"592","roque","MeanCoverage",0.402
"593","roque","MeanCoverage",0.491
"594","roque","MeanCoverage",0.464
"595","roque","MeanCoverage",0.508
"596","roque","MeanCoverage",0.55
"597","roque","MeanCoverage",0.84
"598","salers","MeanCoverage",0.3
"599","salers","MeanCoverage",0.5
"600","salers","MeanCoverage",0.44
"601","salers","MeanCoverage",0.427
"602","salers","MeanCoverage",0.039
"603","salers","MeanCoverage",0.321
"604","salers","MeanCoverage",0.495
"605","salers","MeanCoverage",0.522
"606","salers","MeanCoverage",0.518
"607","salers","MeanCoverage",0.464
"608","salers","MeanCoverage",0.59
"609","salers","MeanCoverage",0.284
"610","salers","MeanCoverage",0.485
"611","salers","MeanCoverage",0.553
"612","salers","MeanCoverage",0.502
"613","salers","MeanCoverage",0.58
"614","salers","MeanCoverage",0.383
"615","salers","MeanCoverage",0.485
"616","salers","MeanCoverage",0.506
"617","salers","MeanCoverage",0.465
"618","salers","MeanCoverage",0.572
"619","salers","MeanCoverage",0.548
"620","salers","MeanCoverage",0.545
"621","salers","MeanCoverage",0.33
"622","salers","MeanCoverage",0.436
"623","salers","MeanCoverage",0.472
"624","salers","MeanCoverage",0.181
"625","salers","MeanCoverage",0.529
"626","salers","MeanCoverage",0.48
"627","salers","MeanCoverage",0.376
"628","salers","MeanCoverage",0.542
"629","salers","MeanCoverage",0.468
"630","salers","MeanCoverage",0.505
"631","salers","MeanCoverage",0.426
"632","salers","MeanCoverage",0.446
"633","salers","MeanCoverage",0.496
"634","salers","MeanCoverage",0.013
"635","salers","MeanCoverage",0.529
"636","salers","MeanCoverage",0.532
"637","salers","MeanCoverage",0.232
"638","salers","MeanCoverage",0.951
"639","salers","MeanCoverage",0.483
"640","salers","MeanCoverage",0.41
"641","salers","MeanCoverage",0.017
"642","salers","MeanCoverage",0.455
"643","salers","MeanCoverage",0.503
"644","salers","MeanCoverage",0.988
"645","salers","MeanCoverage",0.602
"646","salers","MeanCoverage",0.447
"647","salers","MeanCoverage",0.827
"648","salers","MeanCoverage",0.547
"649","salers","MeanCoverage",0.467
"650","salers","MeanCoverage",0.551
"651","salers","MeanCoverage",0.13
"652","salers","MeanCoverage",0.507
"653","salers","MeanCoverage",0.508
"654","salers","MeanCoverage",0.525
"655","salers","MeanCoverage",0.415
"656","salers","MeanCoverage",0.597
"657","salers","MeanCoverage",0.45
"658","salers","MeanCoverage",0.47
"659","salers","MeanCoverage",0.626
"660","salers","MeanCoverage",0.478
"661","salers","MeanCoverage",0.579
"662","salers","MeanCoverage",0.035
"663","salers","MeanCoverage",0.409
"664","salers","MeanCoverage",0.537
"665","salers","MeanCoverage",0.552
"666","salers","MeanCoverage",0.054
"667","salers","MeanCoverage",0.373
"668","salers","MeanCoverage",0.57
"669","salers","MeanCoverage",0.542
"670","salers","MeanCoverage",0.599
"671","salers","MeanCoverage",0.427
"672","salers","MeanCoverage",0.279
"673","salers","MeanCoverage",0.512
"674","salers","MeanCoverage",0.288
"675","salers","MeanCoverage",0.184
"676","salers","MeanCoverage",0.498
"677","salers","MeanCoverage",0.546
"678","salers","MeanCoverage",0.361
"679","salers","MeanCoverage",0.539
"680","salers","MeanCoverage",0.028
"681","salers","MeanCoverage",0.458
"682","salers","MeanCoverage",0.405
"683","salers","MeanCoverage",0.497
"684","salers","MeanCoverage",0.537
"685","salers","MeanCoverage",0.537
"686","salers","MeanCoverage",0.381
"687","salers","MeanCoverage",0.492
"688","salers","MeanCoverage",0.433
"689","salers","MeanCoverage",0.413
"690","salers","MeanCoverage",0.455
"691","salers","MeanCoverage",0.381
"692","salers","MeanCoverage",0.549
"693","salers","MeanCoverage",0.49
"694","salers","MeanCoverage",0.539
"695","salers","MeanCoverage",0.562
"696","salers","MeanCoverage",0.814
"697","tome","MeanCoverage",0.376
"698","tome","MeanCoverage",0.58
"699","tome","MeanCoverage",0.474
"700","tome","MeanCoverage",0.437
"701","tome","MeanCoverage",0.079
"702","tome","MeanCoverage",0.242
"703","tome","MeanCoverage",0.5
"704","tome","MeanCoverage",0.625
"705","tome","MeanCoverage",0.522
"706","tome","MeanCoverage",0.694
"707","tome","MeanCoverage",0.661
"708","tome","MeanCoverage",0.292
"709","tome","MeanCoverage",0.528
"710","tome","MeanCoverage",0.664
"711","tome","MeanCoverage",0.587
"712","tome","MeanCoverage",0.635
"713","tome","MeanCoverage",0.41
"714","tome","MeanCoverage",0.56
"715","tome","MeanCoverage",0.612
"716","tome","MeanCoverage",0.585
"717","tome","MeanCoverage",0.627
"718","tome","MeanCoverage",0.666
"719","tome","MeanCoverage",0.669
"720","tome","MeanCoverage",0.486
"721","tome","MeanCoverage",0.483
"722","tome","MeanCoverage",0.554
"723","tome","MeanCoverage",0.163
"724","tome","MeanCoverage",0.612
"725","tome","MeanCoverage",0.636
"726","tome","MeanCoverage",0.464
"727","tome","MeanCoverage",0.62
"728","tome","MeanCoverage",0.528
"729","tome","MeanCoverage",0.484
"730","tome","MeanCoverage",0.489
"731","tome","MeanCoverage",0.524
"732","tome","MeanCoverage",0.594
"733","tome","MeanCoverage",0.008
"734","tome","MeanCoverage",0.648
"735","tome","MeanCoverage",0.528
"736","tome","MeanCoverage",0.252
"737","tome","MeanCoverage",0.982
"738","tome","MeanCoverage",0.539
"739","tome","MeanCoverage",0.488
"740","tome","MeanCoverage",0.057
"741","tome","MeanCoverage",0.577
"742","tome","MeanCoverage",0.593
"743","tome","MeanCoverage",1
"744","tome","MeanCoverage",0.695
"745","tome","MeanCoverage",0.518
"746","tome","MeanCoverage",0.906
"747","tome","MeanCoverage",0.568
"748","tome","MeanCoverage",0.596
"749","tome","MeanCoverage",0.643
"750","tome","MeanCoverage",0.208
"751","tome","MeanCoverage",0.612
"752","tome","MeanCoverage",0.639
"753","tome","MeanCoverage",0.622
"754","tome","MeanCoverage",0.456
"755","tome","MeanCoverage",0.671
"756","tome","MeanCoverage",0.782
"757","tome","MeanCoverage",0.72
"758","tome","MeanCoverage",0.694
"759","tome","MeanCoverage",0.561
"760","tome","MeanCoverage",0.695
"761","tome","MeanCoverage",0.057
"762","tome","MeanCoverage",0.46
"763","tome","MeanCoverage",0.672
"764","tome","MeanCoverage",0.654
"765","tome","MeanCoverage",0.098
"766","tome","MeanCoverage",0.397
"767","tome","MeanCoverage",0.631
"768","tome","MeanCoverage",0.633
"769","tome","MeanCoverage",0.69
"770","tome","MeanCoverage",0.526
"771","tome","MeanCoverage",0.283
"772","tome","MeanCoverage",0.625
"773","tome","MeanCoverage",0.328
"774","tome","MeanCoverage",0.334
"775","tome","MeanCoverage",0.596
"776","tome","MeanCoverage",0.631
"777","tome","MeanCoverage",0.429
"778","tome","MeanCoverage",0.618
"779","tome","MeanCoverage",0.163
"780","tome","MeanCoverage",0.511
"781","tome","MeanCoverage",0.53
"782","tome","MeanCoverage",0.596
"783","tome","MeanCoverage",0.634
"784","tome","MeanCoverage",0.613
"785","tome","MeanCoverage",0.459
"786","tome","MeanCoverage",0.592
"787","tome","MeanCoverage",0.444
"788","tome","MeanCoverage",0.52
"789","tome","MeanCoverage",0.553
"790","tome","MeanCoverage",0.478
"791","tome","MeanCoverage",0.624
"792","tome","MeanCoverage",0.575
"793","tome","MeanCoverage",0.631
"794","tome","MeanCoverage",0.657
"795","tome","MeanCoverage",0.819
"796","tosc","MeanCoverage",0.289
"797","tosc","MeanCoverage",0.431
"798","tosc","MeanCoverage",0.437
"799","tosc","MeanCoverage",0.438
"800","tosc","MeanCoverage",0.02
"801","tosc","MeanCoverage",0.199
"802","tosc","MeanCoverage",0.543
"803","tosc","MeanCoverage",0.438
"804","tosc","MeanCoverage",0.474
"805","tosc","MeanCoverage",0.542
"806","tosc","MeanCoverage",0.442
"807","tosc","MeanCoverage",0.173
"808","tosc","MeanCoverage",0.393
"809","tosc","MeanCoverage",0.463
"810","tosc","MeanCoverage",0.406
"811","tosc","MeanCoverage",0.462
"812","tosc","MeanCoverage",0.296
"813","tosc","MeanCoverage",0.391
"814","tosc","MeanCoverage",0.444
"815","tosc","MeanCoverage",0.419
"816","tosc","MeanCoverage",0.478
"817","tosc","MeanCoverage",0.46
"818","tosc","MeanCoverage",0.465
"819","tosc","MeanCoverage",0.304
"820","tosc","MeanCoverage",0.36
"821","tosc","MeanCoverage",0.385
"822","tosc","MeanCoverage",0.117
"823","tosc","MeanCoverage",0.445
"824","tosc","MeanCoverage",0.421
"825","tosc","MeanCoverage",0.423
"826","tosc","MeanCoverage",0.453
"827","tosc","MeanCoverage",0.4
"828","tosc","MeanCoverage",0.418
"829","tosc","MeanCoverage",0.331
"830","tosc","MeanCoverage",0.362
"831","tosc","MeanCoverage",0.414
"832","tosc","MeanCoverage",0.005
"833","tosc","MeanCoverage",0.474
"834","tosc","MeanCoverage",0.46
"835","tosc","MeanCoverage",0.231
"836","tosc","MeanCoverage",0.933
"837","tosc","MeanCoverage",0.398
"838","tosc","MeanCoverage",0.36
"839","tosc","MeanCoverage",0.042
"840","tosc","MeanCoverage",0.396
"841","tosc","MeanCoverage",0.429
"842","tosc","MeanCoverage",0.928
"843","tosc","MeanCoverage",0.5
"844","tosc","MeanCoverage",0.341
"845","tosc","MeanCoverage",0.844
"846","tosc","MeanCoverage",0.351
"847","tosc","MeanCoverage",0.423
"848","tosc","MeanCoverage",0.005
"849","tosc","MeanCoverage",0.45
"850","tosc","MeanCoverage",0.099
"851","tosc","MeanCoverage",0.416
"852","tosc","MeanCoverage",0.446
"853","tosc","MeanCoverage",0.426
"854","tosc","MeanCoverage",0.349
"855","tosc","MeanCoverage",0.475
"856","tosc","MeanCoverage",0.484
"857","tosc","MeanCoverage",0.395
"858","tosc","MeanCoverage",0.524
"859","tosc","MeanCoverage",0.406
"860","tosc","MeanCoverage",0.476
"861","tosc","MeanCoverage",0.027
"862","tosc","MeanCoverage",0.279
"863","tosc","MeanCoverage",0.368
"864","tosc","MeanCoverage",0.493
"865","tosc","MeanCoverage",0.024
"866","tosc","MeanCoverage",0.307
"867","tosc","MeanCoverage",0.45
"868","tosc","MeanCoverage",0.45
"869","tosc","MeanCoverage",0.519
"870","tosc","MeanCoverage",0.363
"871","tosc","MeanCoverage",0.232
"872","tosc","MeanCoverage",0.433
"873","tosc","MeanCoverage",0.245
"874","tosc","MeanCoverage",0.144
"875","tosc","MeanCoverage",0.4
"876","tosc","MeanCoverage",0.406
"877","tosc","MeanCoverage",0.278
"878","tosc","MeanCoverage",0.426
"879","tosc","MeanCoverage",0
"880","tosc","MeanCoverage",0.348
"881","tosc","MeanCoverage",0.357
"882","tosc","MeanCoverage",0.437
"883","tosc","MeanCoverage",0.474
"884","tosc","MeanCoverage",0.436
"885","tosc","MeanCoverage",0.333
"886","tosc","MeanCoverage",0.42
"887","tosc","MeanCoverage",0.361
"888","tosc","MeanCoverage",0.332
"889","tosc","MeanCoverage",0.376
"890","tosc","MeanCoverage",0.373
"891","tosc","MeanCoverage",0.478
"892","tosc","MeanCoverage",0.411
"893","tosc","MeanCoverage",0.489
"894","tosc","MeanCoverage",0.487
"895","tosc","MeanCoverage",0.759
"896","epois","MeanCoverageMM",0.282
"897","epois","MeanCoverageMM",0.427
"898","epois","MeanCoverageMM",0.287
"899","epois","MeanCoverageMM",0.546
"900","epois","MeanCoverageMM",0
"901","epois","MeanCoverageMM",0.156
"902","epois","MeanCoverageMM",0.514
"903","epois","MeanCoverageMM",0.479
"904","epois","MeanCoverageMM",0.147
"905","epois","MeanCoverageMM",0.28
"906","epois","MeanCoverageMM",0.508
"907","epois","MeanCoverageMM",0.2
"908","epois","MeanCoverageMM",0.109
"909","epois","MeanCoverageMM",0.537
"910","epois","MeanCoverageMM",0.455
"911","epois","MeanCoverageMM",0.64
"912","epois","MeanCoverageMM",0.404
"913","epois","MeanCoverageMM",0.476
"914","epois","MeanCoverageMM",0.293
"915","epois","MeanCoverageMM",0.412
"916","epois","MeanCoverageMM",0.439
"917","epois","MeanCoverageMM",0.456
"918","epois","MeanCoverageMM",0.421
"919","epois","MeanCoverageMM",0.094
"920","epois","MeanCoverageMM",0.222
"921","epois","MeanCoverageMM",0.047
"922","epois","MeanCoverageMM",0.088
"923","epois","MeanCoverageMM",0.308
"924","epois","MeanCoverageMM",0.134
"925","epois","MeanCoverageMM",0.399
"926","epois","MeanCoverageMM",0.466
"927","epois","MeanCoverageMM",0.388
"928","epois","MeanCoverageMM",0.318
"929","epois","MeanCoverageMM",0.415
"930","epois","MeanCoverageMM",0.373
"931","epois","MeanCoverageMM",0.302
"932","epois","MeanCoverageMM",0.488
"933","epois","MeanCoverageMM",0.159
"934","epois","MeanCoverageMM",0.151
"935","epois","MeanCoverageMM",0.167
"936","epois","MeanCoverageMM",0.398
"937","epois","MeanCoverageMM",0.317
"938","epois","MeanCoverageMM",0
"939","epois","MeanCoverageMM",0.449
"940","epois","MeanCoverageMM",0.5
"941","epois","MeanCoverageMM",0.751
"942","epois","MeanCoverageMM",0.589
"943","epois","MeanCoverageMM",0.37
"944","epois","MeanCoverageMM",0.385
"945","epois","MeanCoverageMM",0.168
"946","epois","MeanCoverageMM",0.56
"947","epois","MeanCoverageMM",0.502
"948","epois","MeanCoverageMM",0.264
"949","epois","MeanCoverageMM",0.533
"950","epois","MeanCoverageMM",0.438
"951","epois","MeanCoverageMM",0.387
"952","epois","MeanCoverageMM",0.225
"953","epois","MeanCoverageMM",0.442
"954","epois","MeanCoverageMM",0.436
"955","epois","MeanCoverageMM",0.303
"956","epois","MeanCoverageMM",0.26
"957","epois","MeanCoverageMM",0.419
"958","epois","MeanCoverageMM",0.601
"959","epois","MeanCoverageMM",0.041
"960","epois","MeanCoverageMM",0.391
"961","epois","MeanCoverageMM",0.141
"962","epois","MeanCoverageMM",0.371
"963","epois","MeanCoverageMM",0.197
"964","epois","MeanCoverageMM",0.034
"965","epois","MeanCoverageMM",0.624
"966","epois","MeanCoverageMM",0.419
"967","epois","MeanCoverageMM",0.611
"968","epois","MeanCoverageMM",0.33
"969","epois","MeanCoverageMM",0.18
"970","epois","MeanCoverageMM",0.41
"971","epois","MeanCoverageMM",0.438
"972","epois","MeanCoverageMM",0.539
"973","epois","MeanCoverageMM",0.441
"974","epois","MeanCoverageMM",0.391
"975","epois","MeanCoverageMM",0.276
"976","epois","MeanCoverageMM",0.481
"977","epois","MeanCoverageMM",0.105
"978","epois","MeanCoverageMM",0.417
"979","epois","MeanCoverageMM",0.135
"980","epois","MeanCoverageMM",0.474
"981","epois","MeanCoverageMM",0.541
"982","epois","MeanCoverageMM",0.283
"983","epois","MeanCoverageMM",0.398
"984","epois","MeanCoverageMM",0.557
"985","epois","MeanCoverageMM",0.051
"986","epois","MeanCoverageMM",0.478
"987","epois","MeanCoverageMM",0.261
"988","epois","MeanCoverageMM",0.45
"989","epois","MeanCoverageMM",0.219
"990","epois","MeanCoverageMM",0.507
"991","epois","MeanCoverageMM",0.484
"992","epois","MeanCoverageMM",0.425
"993","epois","MeanCoverageMM",0.136
"994","gorg","MeanCoverageMM",0.186
"995","gorg","MeanCoverageMM",0.176
"996","gorg","MeanCoverageMM",0.088
"997","gorg","MeanCoverageMM",0.193
"998","gorg","MeanCoverageMM",0
"999","gorg","MeanCoverageMM",0.12
"1000","gorg","MeanCoverageMM",0.105
"1001","gorg","MeanCoverageMM",0.188
"1002","gorg","MeanCoverageMM",0.136
"1003","gorg","MeanCoverageMM",0.178
"1004","gorg","MeanCoverageMM",0.143
"1005","gorg","MeanCoverageMM",0.154
"1006","gorg","MeanCoverageMM",0.097
"1007","gorg","MeanCoverageMM",0.196
"1008","gorg","MeanCoverageMM",0.155
"1009","gorg","MeanCoverageMM",0.209
"1010","gorg","MeanCoverageMM",0.024
"1011","gorg","MeanCoverageMM",0.168
"1012","gorg","MeanCoverageMM",0.12
"1013","gorg","MeanCoverageMM",0.157
"1014","gorg","MeanCoverageMM",0.156
"1015","gorg","MeanCoverageMM",0.175
"1016","gorg","MeanCoverageMM",0.154
"1017","gorg","MeanCoverageMM",0.091
"1018","gorg","MeanCoverageMM",0.103
"1019","gorg","MeanCoverageMM",0.079
"1020","gorg","MeanCoverageMM",0.111
"1021","gorg","MeanCoverageMM",0.122
"1022","gorg","MeanCoverageMM",0.194
"1023","gorg","MeanCoverageMM",0.153
"1024","gorg","MeanCoverageMM",0.174
"1025","gorg","MeanCoverageMM",0.142
"1026","gorg","MeanCoverageMM",0.103
"1027","gorg","MeanCoverageMM",0.101
"1028","gorg","MeanCoverageMM",0.098
"1029","gorg","MeanCoverageMM",0.098
"1030","gorg","MeanCoverageMM",0.04
"1031","gorg","MeanCoverageMM",0.173
"1032","gorg","MeanCoverageMM",0.08
"1033","gorg","MeanCoverageMM",0.047
"1034","gorg","MeanCoverageMM",0.059
"1035","gorg","MeanCoverageMM",0.157
"1036","gorg","MeanCoverageMM",0.147
"1037","gorg","MeanCoverageMM",0.076
"1038","gorg","MeanCoverageMM",0.116
"1039","gorg","MeanCoverageMM",0.157
"1040","gorg","MeanCoverageMM",0.709
"1041","gorg","MeanCoverageMM",0.304
"1042","gorg","MeanCoverageMM",0.156
"1043","gorg","MeanCoverageMM",0.41
"1044","gorg","MeanCoverageMM",0.138
"1045","gorg","MeanCoverageMM",0.198
"1046","gorg","MeanCoverageMM",0
"1047","gorg","MeanCoverageMM",0.187
"1048","gorg","MeanCoverageMM",0.286
"1049","gorg","MeanCoverageMM",0.209
"1050","gorg","MeanCoverageMM",0.149
"1051","gorg","MeanCoverageMM",0.145
"1052","gorg","MeanCoverageMM",0.135
"1053","gorg","MeanCoverageMM",0.149
"1054","gorg","MeanCoverageMM",0.051
"1055","gorg","MeanCoverageMM",0.289
"1056","gorg","MeanCoverageMM",0.122
"1057","gorg","MeanCoverageMM",0.16
"1058","gorg","MeanCoverageMM",0.325
"1059","gorg","MeanCoverageMM",0.094
"1060","gorg","MeanCoverageMM",0.094
"1061","gorg","MeanCoverageMM",0.005
"1062","gorg","MeanCoverageMM",0.148
"1063","gorg","MeanCoverageMM",0.272
"1064","gorg","MeanCoverageMM",0.131
"1065","gorg","MeanCoverageMM",0.216
"1066","gorg","MeanCoverageMM",0.177
"1067","gorg","MeanCoverageMM",0.264
"1068","gorg","MeanCoverageMM",0.138
"1069","gorg","MeanCoverageMM",0.077
"1070","gorg","MeanCoverageMM",0.186
"1071","gorg","MeanCoverageMM",0.13
"1072","gorg","MeanCoverageMM",0.06
"1073","gorg","MeanCoverageMM",0.18
"1074","gorg","MeanCoverageMM",0.143
"1075","gorg","MeanCoverageMM",0.093
"1076","gorg","MeanCoverageMM",0.133
"1077","gorg","MeanCoverageMM",0.155
"1078","gorg","MeanCoverageMM",0.183
"1079","gorg","MeanCoverageMM",0.052
"1080","gorg","MeanCoverageMM",0.172
"1081","gorg","MeanCoverageMM",0.152
"1082","gorg","MeanCoverageMM",0.13
"1083","gorg","MeanCoverageMM",0.119
"1084","gorg","MeanCoverageMM",0.223
"1085","gorg","MeanCoverageMM",0.152
"1086","gorg","MeanCoverageMM",0.14
"1087","gorg","MeanCoverageMM",0.131
"1088","gorg","MeanCoverageMM",0.144
"1089","gorg","MeanCoverageMM",0.041
"1090","gorg","MeanCoverageMM",0.194
"1091","gorg","MeanCoverageMM",0.17
"1092","gorg","MeanCoverageMM",0.19
"1093","gorg","MeanCoverageMM",0.118
"1094","muns","MeanCoverageMM",0.102
"1095","muns","MeanCoverageMM",0.055
"1096","muns","MeanCoverageMM",0
"1097","muns","MeanCoverageMM",0.077
"1098","muns","MeanCoverageMM",0
"1099","muns","MeanCoverageMM",0
"1100","muns","MeanCoverageMM",0.208
"1101","muns","MeanCoverageMM",0.077
"1102","muns","MeanCoverageMM",0.062
"1103","muns","MeanCoverageMM",0.053
"1104","muns","MeanCoverageMM",0.078
"1105","muns","MeanCoverageMM",0.453
"1106","muns","MeanCoverageMM",0.143
"1107","muns","MeanCoverageMM",0.087
"1108","muns","MeanCoverageMM",0.086
"1109","muns","MeanCoverageMM",0.053
"1110","muns","MeanCoverageMM",0.289
"1111","muns","MeanCoverageMM",0.08
"1112","muns","MeanCoverageMM",0.037
"1113","muns","MeanCoverageMM",0.059
"1114","muns","MeanCoverageMM",0.104
"1115","muns","MeanCoverageMM",0.084
"1116","muns","MeanCoverageMM",0.081
"1117","muns","MeanCoverageMM",0
"1118","muns","MeanCoverageMM",0.039
"1119","muns","MeanCoverageMM",0.012
"1120","muns","MeanCoverageMM",0.057
"1121","muns","MeanCoverageMM",0.087
"1122","muns","MeanCoverageMM",0.02
"1123","muns","MeanCoverageMM",0.146
"1124","muns","MeanCoverageMM",0.071
"1125","muns","MeanCoverageMM",0.051
"1126","muns","MeanCoverageMM",0.046
"1127","muns","MeanCoverageMM",0.029
"1128","muns","MeanCoverageMM",0.063
"1129","muns","MeanCoverageMM",0.039
"1130","muns","MeanCoverageMM",0
"1131","muns","MeanCoverageMM",0.07
"1132","muns","MeanCoverageMM",0
"1133","muns","MeanCoverageMM",0
"1134","muns","MeanCoverageMM",0.051
"1135","muns","MeanCoverageMM",0.061
"1136","muns","MeanCoverageMM",0
"1137","muns","MeanCoverageMM",0.068
"1138","muns","MeanCoverageMM",0.096
"1139","muns","MeanCoverageMM",0.614
"1140","muns","MeanCoverageMM",0.359
"1141","muns","MeanCoverageMM",0.06
"1142","muns","MeanCoverageMM",0.343
"1143","muns","MeanCoverageMM",0.033
"1144","muns","MeanCoverageMM",0.055
"1145","muns","MeanCoverageMM",0.095
"1146","muns","MeanCoverageMM",0.087
"1147","muns","MeanCoverageMM",0.074
"1148","muns","MeanCoverageMM",0.059
"1149","muns","MeanCoverageMM",0.059
"1150","muns","MeanCoverageMM",0.055
"1151","muns","MeanCoverageMM",0.258
"1152","muns","MeanCoverageMM",0.069
"1153","muns","MeanCoverageMM",0.13
"1154","muns","MeanCoverageMM",0.075
"1155","muns","MeanCoverageMM",0.278
"1156","muns","MeanCoverageMM",0.002
"1157","muns","MeanCoverageMM",0.065
"1158","muns","MeanCoverageMM",0.003
"1159","muns","MeanCoverageMM",0.062
"1160","muns","MeanCoverageMM",0.255
"1161","muns","MeanCoverageMM",0.078
"1162","muns","MeanCoverageMM",0.117
"1163","muns","MeanCoverageMM",0.105
"1164","muns","MeanCoverageMM",0.23
"1165","muns","MeanCoverageMM",0.08
"1166","muns","MeanCoverageMM",0.137
"1167","muns","MeanCoverageMM",0.073
"1168","muns","MeanCoverageMM",0.089
"1169","muns","MeanCoverageMM",0.019
"1170","muns","MeanCoverageMM",0.068
"1171","muns","MeanCoverageMM",0.06
"1172","muns","MeanCoverageMM",0.034
"1173","muns","MeanCoverageMM",0.087
"1174","muns","MeanCoverageMM",0
"1175","muns","MeanCoverageMM",0.06
"1176","muns","MeanCoverageMM",0.011
"1177","muns","MeanCoverageMM",0.088
"1178","muns","MeanCoverageMM",0.066
"1179","muns","MeanCoverageMM",0.062
"1180","muns","MeanCoverageMM",0.019
"1181","muns","MeanCoverageMM",0.048
"1182","muns","MeanCoverageMM",0.046
"1183","muns","MeanCoverageMM",0.097
"1184","muns","MeanCoverageMM",0.062
"1185","muns","MeanCoverageMM",0.037
"1186","muns","MeanCoverageMM",0.102
"1187","muns","MeanCoverageMM",0.124
"1188","muns","MeanCoverageMM",0.1
"1189","muns","MeanCoverageMM",0.101
"1190","muns","MeanCoverageMM",0.296
"1191","necferm","MeanCoverageMM",0.127
"1192","necferm","MeanCoverageMM",0.135
"1193","necferm","MeanCoverageMM",0.127
"1194","necferm","MeanCoverageMM",0.1
"1195","necferm","MeanCoverageMM",0
"1196","necferm","MeanCoverageMM",0.089
"1197","necferm","MeanCoverageMM",0.222
"1198","necferm","MeanCoverageMM",0.126
"1199","necferm","MeanCoverageMM",0.084
"1200","necferm","MeanCoverageMM",0.045
"1201","necferm","MeanCoverageMM",0.085
"1202","necferm","MeanCoverageMM",0.105
"1203","necferm","MeanCoverageMM",0.053
"1204","necferm","MeanCoverageMM",0.113
"1205","necferm","MeanCoverageMM",0.135
"1206","necferm","MeanCoverageMM",0.139
"1207","necferm","MeanCoverageMM",0.096
"1208","necferm","MeanCoverageMM",0.097
"1209","necferm","MeanCoverageMM",0.054
"1210","necferm","MeanCoverageMM",0.096
"1211","necferm","MeanCoverageMM",0.072
"1212","necferm","MeanCoverageMM",0.043
"1213","necferm","MeanCoverageMM",0.052
"1214","necferm","MeanCoverageMM",0.034
"1215","necferm","MeanCoverageMM",0.066
"1216","necferm","MeanCoverageMM",0.026
"1217","necferm","MeanCoverageMM",0.084
"1218","necferm","MeanCoverageMM",0.083
"1219","necferm","MeanCoverageMM",0.11
"1220","necferm","MeanCoverageMM",0.242
"1221","necferm","MeanCoverageMM",0.087
"1222","necferm","MeanCoverageMM",0.102
"1223","necferm","MeanCoverageMM",0.081
"1224","necferm","MeanCoverageMM",0.105
"1225","necferm","MeanCoverageMM",0.079
"1226","necferm","MeanCoverageMM",0.05
"1227","necferm","MeanCoverageMM",0
"1228","necferm","MeanCoverageMM",0.063
"1229","necferm","MeanCoverageMM",0.125
"1230","necferm","MeanCoverageMM",0.066
"1231","necferm","MeanCoverageMM",0.02
"1232","necferm","MeanCoverageMM",0.121
"1233","necferm","MeanCoverageMM",0.096
"1234","necferm","MeanCoverageMM",0
"1235","necferm","MeanCoverageMM",0.088
"1236","necferm","MeanCoverageMM",0.138
"1237","necferm","MeanCoverageMM",0.225
"1238","necferm","MeanCoverageMM",0.126
"1239","necferm","MeanCoverageMM",0.121
"1240","necferm","MeanCoverageMM",0.305
"1241","necferm","MeanCoverageMM",0.035
"1242","necferm","MeanCoverageMM",0.138
"1243","necferm","MeanCoverageMM",0
"1244","necferm","MeanCoverageMM",0.108
"1245","necferm","MeanCoverageMM",0.083
"1246","necferm","MeanCoverageMM",0.16
"1247","necferm","MeanCoverageMM",0.07
"1248","necferm","MeanCoverageMM",0.083
"1249","necferm","MeanCoverageMM",0.082
"1250","necferm","MeanCoverageMM",0.037
"1251","necferm","MeanCoverageMM",0.266
"1252","necferm","MeanCoverageMM",0.073
"1253","necferm","MeanCoverageMM",0.075
"1254","necferm","MeanCoverageMM",0.115
"1255","necferm","MeanCoverageMM",0.147
"1256","necferm","MeanCoverageMM",0.039
"1257","necferm","MeanCoverageMM",0.102
"1258","necferm","MeanCoverageMM",0.027
"1259","necferm","MeanCoverageMM",0.039
"1260","necferm","MeanCoverageMM",0.011
"1261","necferm","MeanCoverageMM",0.077
"1262","necferm","MeanCoverageMM",0.187
"1263","necferm","MeanCoverageMM",0.112
"1264","necferm","MeanCoverageMM",0.148
"1265","necferm","MeanCoverageMM",0.086
"1266","necferm","MeanCoverageMM",0.094
"1267","necferm","MeanCoverageMM",0.133
"1268","necferm","MeanCoverageMM",0.071
"1269","necferm","MeanCoverageMM",0.045
"1270","necferm","MeanCoverageMM",0.099
"1271","necferm","MeanCoverageMM",0.136
"1272","necferm","MeanCoverageMM",0.078
"1273","necferm","MeanCoverageMM",0.143
"1274","necferm","MeanCoverageMM",0.029
"1275","necferm","MeanCoverageMM",0.131
"1276","necferm","MeanCoverageMM",0.022
"1277","necferm","MeanCoverageMM",0.112
"1278","necferm","MeanCoverageMM",0.127
"1279","necferm","MeanCoverageMM",0.068
"1280","necferm","MeanCoverageMM",0.055
"1281","necferm","MeanCoverageMM",0.122
"1282","necferm","MeanCoverageMM",0.057
"1283","necferm","MeanCoverageMM",0.144
"1284","necferm","MeanCoverageMM",0.114
"1285","necferm","MeanCoverageMM",0.119
"1286","necferm","MeanCoverageMM",0.076
"1287","necferm","MeanCoverageMM",0.12
"1288","necferm","MeanCoverageMM",0.109
"1289","necferm","MeanCoverageMM",0.081
"1290","necferm","MeanCoverageMM",0.046
"1291","neclait","MeanCoverageMM",0.678
"1292","neclait","MeanCoverageMM",0.84
"1293","neclait","MeanCoverageMM",0.439
"1294","neclait","MeanCoverageMM",0.819
"1295","neclait","MeanCoverageMM",0
"1296","neclait","MeanCoverageMM",0.497
"1297","neclait","MeanCoverageMM",0.819
"1298","neclait","MeanCoverageMM",0.761
"1299","neclait","MeanCoverageMM",0.64
"1300","neclait","MeanCoverageMM",0.547
"1301","neclait","MeanCoverageMM",0.718
"1302","neclait","MeanCoverageMM",0.385
"1303","neclait","MeanCoverageMM",0.557
"1304","neclait","MeanCoverageMM",0.776
"1305","neclait","MeanCoverageMM",0.819
"1306","neclait","MeanCoverageMM",0.862
"1307","neclait","MeanCoverageMM",0.734
"1308","neclait","MeanCoverageMM",0.713
"1309","neclait","MeanCoverageMM",0.576
"1310","neclait","MeanCoverageMM",0.728
"1311","neclait","MeanCoverageMM",0.668
"1312","neclait","MeanCoverageMM",0.639
"1313","neclait","MeanCoverageMM",0.633
"1314","neclait","MeanCoverageMM",0.264
"1315","neclait","MeanCoverageMM",0.434
"1316","neclait","MeanCoverageMM",0.34
"1317","neclait","MeanCoverageMM",0.338
"1318","neclait","MeanCoverageMM",0.66
"1319","neclait","MeanCoverageMM",0.7
"1320","neclait","MeanCoverageMM",0.727
"1321","neclait","MeanCoverageMM",0.762
"1322","neclait","MeanCoverageMM",0.667
"1323","neclait","MeanCoverageMM",0.782
"1324","neclait","MeanCoverageMM",0.858
"1325","neclait","MeanCoverageMM",0.648
"1326","neclait","MeanCoverageMM",0.589
"1327","neclait","MeanCoverageMM",0.01
"1328","neclait","MeanCoverageMM",0.714
"1329","neclait","MeanCoverageMM",0.44
"1330","neclait","MeanCoverageMM",0.183
"1331","neclait","MeanCoverageMM",0.617
"1332","neclait","MeanCoverageMM",0.742
"1333","neclait","MeanCoverageMM",0.686
"1334","neclait","MeanCoverageMM",0.144
"1335","neclait","MeanCoverageMM",0.682
"1336","neclait","MeanCoverageMM",0.814
"1337","neclait","MeanCoverageMM",0.969
"1338","neclait","MeanCoverageMM",0.72
"1339","neclait","MeanCoverageMM",0.761
"1340","neclait","MeanCoverageMM",0.563
"1341","neclait","MeanCoverageMM",0.592
"1342","neclait","MeanCoverageMM",0.784
"1343","neclait","MeanCoverageMM",0.038
"1344","neclait","MeanCoverageMM",0.797
"1345","neclait","MeanCoverageMM",0.356
"1346","neclait","MeanCoverageMM",0.833
"1347","neclait","MeanCoverageMM",0.725
"1348","neclait","MeanCoverageMM",0.588
"1349","neclait","MeanCoverageMM",0.55
"1350","neclait","MeanCoverageMM",0.557
"1351","neclait","MeanCoverageMM",0.814
"1352","neclait","MeanCoverageMM",0.466
"1353","neclait","MeanCoverageMM",0.462
"1354","neclait","MeanCoverageMM",0.742
"1355","neclait","MeanCoverageMM",0.793
"1356","neclait","MeanCoverageMM",0.219
"1357","neclait","MeanCoverageMM",0.783
"1358","neclait","MeanCoverageMM",0.178
"1359","neclait","MeanCoverageMM",0.627
"1360","neclait","MeanCoverageMM",0.356
"1361","neclait","MeanCoverageMM",0.556
"1362","neclait","MeanCoverageMM",0.854
"1363","neclait","MeanCoverageMM",0.734
"1364","neclait","MeanCoverageMM",0.82
"1365","neclait","MeanCoverageMM",0.731
"1366","neclait","MeanCoverageMM",0.554
"1367","neclait","MeanCoverageMM",0.793
"1368","neclait","MeanCoverageMM",0
"1369","neclait","MeanCoverageMM",0.599
"1370","neclait","MeanCoverageMM",0.57
"1371","neclait","MeanCoverageMM",0.73
"1372","neclait","MeanCoverageMM",0.854
"1373","neclait","MeanCoverageMM",0.611
"1374","neclait","MeanCoverageMM",0.832
"1375","neclait","MeanCoverageMM",0.212
"1376","neclait","MeanCoverageMM",0.754
"1377","neclait","MeanCoverageMM",0.319
"1378","neclait","MeanCoverageMM",0.763
"1379","neclait","MeanCoverageMM",0.813
"1380","neclait","MeanCoverageMM",0.515
"1381","neclait","MeanCoverageMM",0.51
"1382","neclait","MeanCoverageMM",0.769
"1383","neclait","MeanCoverageMM",0.648
"1384","neclait","MeanCoverageMM",0.668
"1385","neclait","MeanCoverageMM",0.561
"1386","neclait","MeanCoverageMM",0.705
"1387","neclait","MeanCoverageMM",0.514
"1388","neclait","MeanCoverageMM",0.759
"1389","neclait","MeanCoverageMM",0.773
"1390","neclait","MeanCoverageMM",0.663
"1391","neclait","MeanCoverageMM",0.529
"1392","roque","MeanCoverageMM",0.087
"1393","roque","MeanCoverageMM",0.162
"1394","roque","MeanCoverageMM",0.078
"1395","roque","MeanCoverageMM",0.134
"1396","roque","MeanCoverageMM",0
"1397","roque","MeanCoverageMM",0.119
"1398","roque","MeanCoverageMM",0.408
"1399","roque","MeanCoverageMM",0.128
"1400","roque","MeanCoverageMM",0.094
"1401","roque","MeanCoverageMM",0.041
"1402","roque","MeanCoverageMM",0.106
"1403","roque","MeanCoverageMM",0.129
"1404","roque","MeanCoverageMM",0.108
"1405","roque","MeanCoverageMM",0.124
"1406","roque","MeanCoverageMM",0.144
"1407","roque","MeanCoverageMM",0.159
"1408","roque","MeanCoverageMM",0.065
"1409","roque","MeanCoverageMM",0.106
"1410","roque","MeanCoverageMM",0.067
"1411","roque","MeanCoverageMM",0.123
"1412","roque","MeanCoverageMM",0.053
"1413","roque","MeanCoverageMM",0.049
"1414","roque","MeanCoverageMM",0.057
"1415","roque","MeanCoverageMM",0.025
"1416","roque","MeanCoverageMM",0.058
"1417","roque","MeanCoverageMM",0.028
"1418","roque","MeanCoverageMM",0.059
"1419","roque","MeanCoverageMM",0.078
"1420","roque","MeanCoverageMM",0.077
"1421","roque","MeanCoverageMM",0.206
"1422","roque","MeanCoverageMM",0.091
"1423","roque","MeanCoverageMM",0.101
"1424","roque","MeanCoverageMM",0.072
"1425","roque","MeanCoverageMM",0.121
"1426","roque","MeanCoverageMM",0.077
"1427","roque","MeanCoverageMM",0.052
"1428","roque","MeanCoverageMM",0
"1429","roque","MeanCoverageMM",0.092
"1430","roque","MeanCoverageMM",0.094
"1431","roque","MeanCoverageMM",0.052
"1432","roque","MeanCoverageMM",0.069
"1433","roque","MeanCoverageMM",0.124
"1434","roque","MeanCoverageMM",0.105
"1435","roque","MeanCoverageMM",0.017
"1436","roque","MeanCoverageMM",0.061
"1437","roque","MeanCoverageMM",0.149
"1438","roque","MeanCoverageMM",0.377
"1439","roque","MeanCoverageMM",0.111
"1440","roque","MeanCoverageMM",0.122
"1441","roque","MeanCoverageMM",0.203
"1442","roque","MeanCoverageMM",0.127
"1443","roque","MeanCoverageMM",0.106
"1444","roque","MeanCoverageMM",0.008
"1445","roque","MeanCoverageMM",0.131
"1446","roque","MeanCoverageMM",0.107
"1447","roque","MeanCoverageMM",0.125
"1448","roque","MeanCoverageMM",0.107
"1449","roque","MeanCoverageMM",0.083
"1450","roque","MeanCoverageMM",0.089
"1451","roque","MeanCoverageMM",0.03
"1452","roque","MeanCoverageMM",0.051
"1453","roque","MeanCoverageMM",0.077
"1454","roque","MeanCoverageMM",0.062
"1455","roque","MeanCoverageMM",0.121
"1456","roque","MeanCoverageMM",0.132
"1457","roque","MeanCoverageMM",0.024
"1458","roque","MeanCoverageMM",0.107
"1459","roque","MeanCoverageMM",0.019
"1460","roque","MeanCoverageMM",0.05
"1461","roque","MeanCoverageMM",0.055
"1462","roque","MeanCoverageMM",0.076
"1463","roque","MeanCoverageMM",0.184
"1464","roque","MeanCoverageMM",0.123
"1465","roque","MeanCoverageMM",0.152
"1466","roque","MeanCoverageMM",0.075
"1467","roque","MeanCoverageMM",0.04
"1468","roque","MeanCoverageMM",0.138
"1469","roque","MeanCoverageMM",0
"1470","roque","MeanCoverageMM",0.086
"1471","roque","MeanCoverageMM",0.042
"1472","roque","MeanCoverageMM",0.12
"1473","roque","MeanCoverageMM",0.152
"1474","roque","MeanCoverageMM",0.077
"1475","roque","MeanCoverageMM",0.14
"1476","roque","MeanCoverageMM",0
"1477","roque","MeanCoverageMM",0.13
"1478","roque","MeanCoverageMM",0.041
"1479","roque","MeanCoverageMM",0.112
"1480","roque","MeanCoverageMM",0.11
"1481","roque","MeanCoverageMM",0.08
"1482","roque","MeanCoverageMM",0.042
"1483","roque","MeanCoverageMM",0.11
"1484","roque","MeanCoverageMM",0.109
"1485","roque","MeanCoverageMM",0.114
"1486","roque","MeanCoverageMM",0.084
"1487","roque","MeanCoverageMM",0.108
"1488","roque","MeanCoverageMM",0.059
"1489","roque","MeanCoverageMM",0.107
"1490","roque","MeanCoverageMM",0.102
"1491","roque","MeanCoverageMM",0.077
"1492","roque","MeanCoverageMM",0.075
"1493","salers","MeanCoverageMM",0.148
"1494","salers","MeanCoverageMM",0.16
"1495","salers","MeanCoverageMM",0.115
"1496","salers","MeanCoverageMM",0.194
"1497","salers","MeanCoverageMM",0
"1498","salers","MeanCoverageMM",0.102
"1499","salers","MeanCoverageMM",0.356
"1500","salers","MeanCoverageMM",0.126
"1501","salers","MeanCoverageMM",0.109
"1502","salers","MeanCoverageMM",0.026
"1503","salers","MeanCoverageMM",0.112
"1504","salers","MeanCoverageMM",0.1
"1505","salers","MeanCoverageMM",0.123
"1506","salers","MeanCoverageMM",0.128
"1507","salers","MeanCoverageMM",0.144
"1508","salers","MeanCoverageMM",0.148
"1509","salers","MeanCoverageMM",0.074
"1510","salers","MeanCoverageMM",0.115
"1511","salers","MeanCoverageMM",0.06
"1512","salers","MeanCoverageMM",0.105
"1513","salers","MeanCoverageMM",0.06
"1514","salers","MeanCoverageMM",0.055
"1515","salers","MeanCoverageMM",0.052
"1516","salers","MeanCoverageMM",0.032
"1517","salers","MeanCoverageMM",0.067
"1518","salers","MeanCoverageMM",0.014
"1519","salers","MeanCoverageMM",0.047
"1520","salers","MeanCoverageMM",0.091
"1521","salers","MeanCoverageMM",0.068
"1522","salers","MeanCoverageMM",0.242
"1523","salers","MeanCoverageMM",0.1
"1524","salers","MeanCoverageMM",0.108
"1525","salers","MeanCoverageMM",0.068
"1526","salers","MeanCoverageMM",0.143
"1527","salers","MeanCoverageMM",0.073
"1528","salers","MeanCoverageMM",0.064
"1529","salers","MeanCoverageMM",0
"1530","salers","MeanCoverageMM",0.083
"1531","salers","MeanCoverageMM",0.117
"1532","salers","MeanCoverageMM",0.066
"1533","salers","MeanCoverageMM",0.02
"1534","salers","MeanCoverageMM",0.151
"1535","salers","MeanCoverageMM",0.12
"1536","salers","MeanCoverageMM",0
"1537","salers","MeanCoverageMM",0.12
"1538","salers","MeanCoverageMM",0.149
"1539","salers","MeanCoverageMM",0.405
"1540","salers","MeanCoverageMM",0.121
"1541","salers","MeanCoverageMM",0.128
"1542","salers","MeanCoverageMM",0.154
"1543","salers","MeanCoverageMM",0.044
"1544","salers","MeanCoverageMM",0.133
"1545","salers","MeanCoverageMM",0.126
"1546","salers","MeanCoverageMM",0.077
"1547","salers","MeanCoverageMM",0.137
"1548","salers","MeanCoverageMM",0.069
"1549","salers","MeanCoverageMM",0.089
"1550","salers","MeanCoverageMM",0.083
"1551","salers","MeanCoverageMM",0.044
"1552","salers","MeanCoverageMM",0.103
"1553","salers","MeanCoverageMM",0.075
"1554","salers","MeanCoverageMM",0.081
"1555","salers","MeanCoverageMM",0.13
"1556","salers","MeanCoverageMM",0.143
"1557","salers","MeanCoverageMM",0.02
"1558","salers","MeanCoverageMM",0.134
"1559","salers","MeanCoverageMM",0.012
"1560","salers","MeanCoverageMM",0.034
"1561","salers","MeanCoverageMM",0.022
"1562","salers","MeanCoverageMM",0.12
"1563","salers","MeanCoverageMM",0.148
"1564","salers","MeanCoverageMM",0.113
"1565","salers","MeanCoverageMM",0.16
"1566","salers","MeanCoverageMM",0.092
"1567","salers","MeanCoverageMM",0.079
"1568","salers","MeanCoverageMM",0.125
"1569","salers","MeanCoverageMM",0.06
"1570","salers","MeanCoverageMM",0.062
"1571","salers","MeanCoverageMM",0.139
"1572","salers","MeanCoverageMM",0.147
"1573","salers","MeanCoverageMM",0.074
"1574","salers","MeanCoverageMM",0.146
"1575","salers","MeanCoverageMM",0
"1576","salers","MeanCoverageMM",0.133
"1577","salers","MeanCoverageMM",0.047
"1578","salers","MeanCoverageMM",0.123
"1579","salers","MeanCoverageMM",0.141
"1580","salers","MeanCoverageMM",0.07
"1581","salers","MeanCoverageMM",0.063
"1582","salers","MeanCoverageMM",0.119
"1583","salers","MeanCoverageMM",0.048
"1584","salers","MeanCoverageMM",0.127
"1585","salers","MeanCoverageMM",0.086
"1586","salers","MeanCoverageMM",0.11
"1587","salers","MeanCoverageMM",0.037
"1588","salers","MeanCoverageMM",0.108
"1589","salers","MeanCoverageMM",0.108
"1590","salers","MeanCoverageMM",0.083
"1591","salers","MeanCoverageMM",0.041
"1592","tome","MeanCoverageMM",0.191
"1593","tome","MeanCoverageMM",0.203
"1594","tome","MeanCoverageMM",0.156
"1595","tome","MeanCoverageMM",0.297
"1596","tome","MeanCoverageMM",0
"1597","tome","MeanCoverageMM",0.085
"1598","tome","MeanCoverageMM",0.303
"1599","tome","MeanCoverageMM",0.19
"1600","tome","MeanCoverageMM",0.144
"1601","tome","MeanCoverageMM",0.074
"1602","tome","MeanCoverageMM",0.158
"1603","tome","MeanCoverageMM",0.09
"1604","tome","MeanCoverageMM",0.138
"1605","tome","MeanCoverageMM",0.204
"1606","tome","MeanCoverageMM",0.192
"1607","tome","MeanCoverageMM",0.239
"1608","tome","MeanCoverageMM",0.126
"1609","tome","MeanCoverageMM",0.163
"1610","tome","MeanCoverageMM",0.096
"1611","tome","MeanCoverageMM",0.153
"1612","tome","MeanCoverageMM",0.104
"1613","tome","MeanCoverageMM",0.11
"1614","tome","MeanCoverageMM",0.088
"1615","tome","MeanCoverageMM",0.054
"1616","tome","MeanCoverageMM",0.088
"1617","tome","MeanCoverageMM",0.062
"1618","tome","MeanCoverageMM",0.066
"1619","tome","MeanCoverageMM",0.123
"1620","tome","MeanCoverageMM",0.083
"1621","tome","MeanCoverageMM",0.332
"1622","tome","MeanCoverageMM",0.137
"1623","tome","MeanCoverageMM",0.139
"1624","tome","MeanCoverageMM",0.133
"1625","tome","MeanCoverageMM",0.159
"1626","tome","MeanCoverageMM",0.126
"1627","tome","MeanCoverageMM",0.103
"1628","tome","MeanCoverageMM",0
"1629","tome","MeanCoverageMM",0.139
"1630","tome","MeanCoverageMM",0.101
"1631","tome","MeanCoverageMM",0.075
"1632","tome","MeanCoverageMM",0.114
"1633","tome","MeanCoverageMM",0.169
"1634","tome","MeanCoverageMM",0.147
"1635","tome","MeanCoverageMM",0.024
"1636","tome","MeanCoverageMM",0.172
"1637","tome","MeanCoverageMM",0.211
"1638","tome","MeanCoverageMM",0.333
"1639","tome","MeanCoverageMM",0.19
"1640","tome","MeanCoverageMM",0.204
"1641","tome","MeanCoverageMM",0.305
"1642","tome","MeanCoverageMM",0.021
"1643","tome","MeanCoverageMM",0.26
"1644","tome","MeanCoverageMM",0.19
"1645","tome","MeanCoverageMM",0.1
"1646","tome","MeanCoverageMM",0.23
"1647","tome","MeanCoverageMM",0.158
"1648","tome","MeanCoverageMM",0.13
"1649","tome","MeanCoverageMM",0.122
"1650","tome","MeanCoverageMM",0.078
"1651","tome","MeanCoverageMM",0.162
"1652","tome","MeanCoverageMM",0.128
"1653","tome","MeanCoverageMM",0.083
"1654","tome","MeanCoverageMM",0.179
"1655","tome","MeanCoverageMM",0.202
"1656","tome","MeanCoverageMM",0.037
"1657","tome","MeanCoverageMM",0.127
"1658","tome","MeanCoverageMM",0.031
"1659","tome","MeanCoverageMM",0.066
"1660","tome","MeanCoverageMM",0.067
"1661","tome","MeanCoverageMM",0.063
"1662","tome","MeanCoverageMM",0.222
"1663","tome","MeanCoverageMM",0.159
"1664","tome","MeanCoverageMM",0.21
"1665","tome","MeanCoverageMM",0.153
"1666","tome","MeanCoverageMM",0.074
"1667","tome","MeanCoverageMM",0.183
"1668","tome","MeanCoverageMM",0.093
"1669","tome","MeanCoverageMM",0.134
"1670","tome","MeanCoverageMM",0.192
"1671","tome","MeanCoverageMM",0.186
"1672","tome","MeanCoverageMM",0.116
"1673","tome","MeanCoverageMM",0.197
"1674","tome","MeanCoverageMM",0
"1675","tome","MeanCoverageMM",0.182
"1676","tome","MeanCoverageMM",0.079
"1677","tome","MeanCoverageMM",0.188
"1678","tome","MeanCoverageMM",0.193
"1679","tome","MeanCoverageMM",0.119
"1680","tome","MeanCoverageMM",0.088
"1681","tome","MeanCoverageMM",0.186
"1682","tome","MeanCoverageMM",0.046
"1683","tome","MeanCoverageMM",0.177
"1684","tome","MeanCoverageMM",0.123
"1685","tome","MeanCoverageMM",0.145
"1686","tome","MeanCoverageMM",0.093
"1687","tome","MeanCoverageMM",0.197
"1688","tome","MeanCoverageMM",0.147
"1689","tome","MeanCoverageMM",0.13
"1690","tome","MeanCoverageMM",0.073
"1691","tosc","MeanCoverageMM",0.13
"1692","tosc","MeanCoverageMM",0.138
"1693","tosc","MeanCoverageMM",0.091
"1694","tosc","MeanCoverageMM",0.124
"1695","tosc","MeanCoverageMM",0
"1696","tosc","MeanCoverageMM",0.034
"1697","tosc","MeanCoverageMM",0.333
"1698","tosc","MeanCoverageMM",0.099
"1699","tosc","MeanCoverageMM",0.11
"1700","tosc","MeanCoverageMM",0.025
"1701","tosc","MeanCoverageMM",0.067
"1702","tosc","MeanCoverageMM",0.062
"1703","tosc","MeanCoverageMM",0.101
"1704","tosc","MeanCoverageMM",0.102
"1705","tosc","MeanCoverageMM",0.105
"1706","tosc","MeanCoverageMM",0.13
"1707","tosc","MeanCoverageMM",0.08
"1708","tosc","MeanCoverageMM",0.083
"1709","tosc","MeanCoverageMM",0.049
"1710","tosc","MeanCoverageMM",0.109
"1711","tosc","MeanCoverageMM",0.053
"1712","tosc","MeanCoverageMM",0.042
"1713","tosc","MeanCoverageMM",0.039
"1714","tosc","MeanCoverageMM",0.015
"1715","tosc","MeanCoverageMM",0.066
"1716","tosc","MeanCoverageMM",0.039
"1717","tosc","MeanCoverageMM",0.063
"1718","tosc","MeanCoverageMM",0.07
"1719","tosc","MeanCoverageMM",0.109
"1720","tosc","MeanCoverageMM",0.246
"1721","tosc","MeanCoverageMM",0.086
"1722","tosc","MeanCoverageMM",0.091
"1723","tosc","MeanCoverageMM",0.105
"1724","tosc","MeanCoverageMM",0.086
"1725","tosc","MeanCoverageMM",0.064
"1726","tosc","MeanCoverageMM",0.046
"1727","tosc","MeanCoverageMM",0
"1728","tosc","MeanCoverageMM",0.082
"1729","tosc","MeanCoverageMM",0.087
"1730","tosc","MeanCoverageMM",0.058
"1731","tosc","MeanCoverageMM",0.024
"1732","tosc","MeanCoverageMM",0.109
"1733","tosc","MeanCoverageMM",0.094
"1734","tosc","MeanCoverageMM",0.017
"1735","tosc","MeanCoverageMM",0.089
"1736","tosc","MeanCoverageMM",0.131
"1737","tosc","MeanCoverageMM",0.268
"1738","tosc","MeanCoverageMM",0.099
"1739","tosc","MeanCoverageMM",0.112
"1740","tosc","MeanCoverageMM",0.16
"1741","tosc","MeanCoverageMM",0.04
"1742","tosc","MeanCoverageMM",0.117
"1743","tosc","MeanCoverageMM",0
"1744","tosc","MeanCoverageMM",0.106
"1745","tosc","MeanCoverageMM",0.025
"1746","tosc","MeanCoverageMM",0.116
"1747","tosc","MeanCoverageMM",0.061
"1748","tosc","MeanCoverageMM",0.064
"1749","tosc","MeanCoverageMM",0.073
"1750","tosc","MeanCoverageMM",0.032
"1751","tosc","MeanCoverageMM",0.103
"1752","tosc","MeanCoverageMM",0.058
"1753","tosc","MeanCoverageMM",0.063
"1754","tosc","MeanCoverageMM",0.118
"1755","tosc","MeanCoverageMM",0.122
"1756","tosc","MeanCoverageMM",0.023
"1757","tosc","MeanCoverageMM",0.075
"1758","tosc","MeanCoverageMM",0.008
"1759","tosc","MeanCoverageMM",0.033
"1760","tosc","MeanCoverageMM",0.024
"1761","tosc","MeanCoverageMM",0.086
"1762","tosc","MeanCoverageMM",0.158
"1763","tosc","MeanCoverageMM",0.089
"1764","tosc","MeanCoverageMM",0.136
"1765","tosc","MeanCoverageMM",0.09
"1766","tosc","MeanCoverageMM",0.042
"1767","tosc","MeanCoverageMM",0.113
"1768","tosc","MeanCoverageMM",0.082
"1769","tosc","MeanCoverageMM",0.029
"1770","tosc","MeanCoverageMM",0.105
"1771","tosc","MeanCoverageMM",0.102
"1772","tosc","MeanCoverageMM",0.063
"1773","tosc","MeanCoverageMM",0.085
"1774","tosc","MeanCoverageMM",0
"1775","tosc","MeanCoverageMM",0.12
"1776","tosc","MeanCoverageMM",0.062
"1777","tosc","MeanCoverageMM",0.1
"1778","tosc","MeanCoverageMM",0.106
"1779","tosc","MeanCoverageMM",0.05
"1780","tosc","MeanCoverageMM",0.071
"1781","tosc","MeanCoverageMM",0.106
"1782","tosc","MeanCoverageMM",0.102
"1783","tosc","MeanCoverageMM",0.123
"1784","tosc","MeanCoverageMM",0.071
"1785","tosc","MeanCoverageMM",0.092
"1786","tosc","MeanCoverageMM",0.059
"1787","tosc","MeanCoverageMM",0.111
"1788","tosc","MeanCoverageMM",0.086
"1789","tosc","MeanCoverageMM",0.065
"1790","tosc","MeanCoverageMM",0.026
